,Golden_grains
0,1151950.1543311852
1,1445668.4754415113
2,1594306.7718293355
3,1385306.9695592297
4,1366709.181771305
5,1308757.5342362588
6,1364264.5607780856
7,1132561.7986713934
8,1132994.3355158116
9,1150637.472457929
10,1126728.2311885168
11,1176909.4675115796
12,1453614.754425153
13,1626525.6327147882
14,1398206.1463046167
15,1266533.3355357228
16,1449249.8206076014
17,1229344.2451169922
18,1367704.5593271928
19,1140534.1498142204
20,1262837.4753521548
21,1277764.4574426177
22,1498798.7058535728
23,1109888.024617475
24,1312031.93547754
25,1464586.3147768932
26,1250250.9486918598
27,1146608.5670600783
28,1440283.9056970042
29,1263996.7071712706
30,1108420.732786831
31,1378309.9957365762
32,1392220.7446099287
33,1425649.1599509597
34,1148850.9124441468
35,1422646.1992001177
36,1271196.3268051841
37,1390209.836140184
38,1259133.3695902037
39,1522501.677896556
40,1303724.7864718582
41,1494502.5080501088
42,1440121.874161928
43,831220.6379802591
44,1516348.4213588107
45,1145891.6557207715
46,1362237.267739052
47,1371719.9980090123
48,1298025.6644604371
49,1217941.4521777066
50,1425936.0816630356
51,1271073.347809657
52,1367997.7186053593
53,1505976.9708131845
54,1270295.7329328451
55,1237790.5492945598
56,1158495.670483704
57,1501385.7578836733
58,1078190.43757743
59,1044905.4568234656
60,1538647.6966870415
61,1495230.6949125556
62,1217274.3891836258
63,1140318.8883255804
64,1289782.122018923
65,1307325.9384476887
66,1471941.9298558375
67,1508692.0519457688
68,1403322.927476456
69,1298945.0310094052
70,1377990.8435085027
71,1438552.444292827
72,1031789.3177781733
73,964592.3274860893
74,1247423.6623264744
75,1300642.7753453401
76,1423458.2442034748
77,1277409.7254934306
78,1324766.875378688
79,1192707.0460402598
80,1398057.577343547
81,1483903.8685176806
82,1262878.970008363
83,847982.7264143074
84,1316640.2654712414
85,1345963.4843866625
86,1318002.3860660107
87,1456929.0068368143
88,1199741.424037076
89,1401752.4618660947
90,1469944.238208218
91,1494736.9505584862
92,1270949.281734483
93,1274435.0396532766
94,1188636.1352828133
95,1377456.4280556804
96,1395417.9634874698
97,1453280.9014754249
98,1342984.8343056913
99,1347963.8737672488
100,1210137.8624223687
101,1425989.6774440384
102,1452943.1125856924
103,1527322.926077106
104,1345995.146013866
105,1259356.369857028
106,1439323.868100612
107,1214089.3653518115
108,1492683.2485260775
109,1017857.9264627488
110,1254773.880218406
111,1183225.039168969
112,1331947.697112754
113,1270456.8887146066
114,1334329.6278855854
115,1423228.3437812973
116,1017529.2312364075
117,1265041.7232996344
118,1550993.4508822667
119,1376373.2774247604
120,1189177.5563529916
121,1112119.0913169286
122,1140744.6021105035
123,1115687.4903376184
124,1132722.900443794
125,1311051.9721261759
126,1191024.9246632478
127,1355536.667430058
128,1185271.5539543603
129,1434350.188662858
130,968387.4479527113
131,1379057.2793947156
132,1213388.3353917857
133,1385720.7795201193
134,1300221.194011101
135,1409025.9274052049
136,1045388.2837700164
137,1324524.8875380808
138,1176228.563780232
139,1326191.373958287
140,1397246.0318130578
141,1186536.12192334
142,1361250.949164156
143,1419018.5808777981
144,1538174.0593725839
145,1482312.4514450275
146,1343440.368297041
147,1224267.707201438
148,889782.884259632
149,1421603.780582086
150,1362032.6346187338
151,1415334.465283334
152,1386604.5153363582
153,1343140.0194232624
154,1523485.8794410955
155,1435223.7203248753
156,1211661.2624299633
157,1167371.4168841194
158,1428768.9181028202
159,1061676.2979844457
160,1253972.3328117086
161,1263186.209871657
162,1625330.1210261977
163,1303727.4863569418
164,1355517.892731015
165,1096130.5489219478
166,996071.0269251126
167,1490051.6258778009
168,1165720.8420417013
169,1176538.597966979
170,1456636.5897993515
171,1297556.5806736818
172,958742.8915492075
173,1054770.603248307
174,1327299.1865458982
175,1302959.6110785846
176,1488120.2120743033
177,1230011.8104817134
178,1275746.9724580399
179,1436221.877910079
180,1306916.9567178895
181,1307038.372187262
182,1406336.2484760005
183,1229554.1153922684
184,949882.3606030782
185,1189682.6072549406
186,1156851.3996587368
187,1334759.1677536895
188,1471651.576109464
189,1173766.8045207418
190,1516264.7547108827
191,1395891.4552667914
192,1422920.3300548613
193,1151333.1476081272
194,1353024.9988027206
195,1058060.7165418242
196,1398714.054870683
197,1095880.8622299668
198,1098348.981611671
199,1278251.8651754241
200,1334269.6511264099
201,1541837.410170267
202,1461923.9272290503
203,1528605.8741887456
204,1435331.6754816347
205,1096105.540420891
206,1383158.441225779
207,1439093.8228190022
208,1375515.4316848875
209,1358407.037977033
210,1186219.711451681
211,1484967.345257659
212,900394.8473875558
213,1359718.7088684519
214,1272700.0529675793
215,1569533.7069720346
216,1437602.1621734898
217,1389250.3084944298
218,1020990.2126093782
219,1230689.4405214346
220,1027771.1419945738
221,1292407.0089028988
222,1106049.038106951
223,1484562.739454195
224,1424162.9341685225
225,1160306.078266164
226,1156238.4339549069
227,1383260.648562671
228,1449806.4387516347
229,1364380.1634173698
230,1436227.2060581998
231,1289495.4983692358
232,1521675.7075122006
233,1427334.5901870108
234,1333959.4532861463
235,1446440.878551238
236,1187981.4709799374
237,1528380.0709075606
238,1232924.826529508
239,1193059.9423690098
240,1194981.8143155708
241,1553714.2048770897
242,1553386.0159848134
243,1336034.7057095424
244,1455436.6796909438
245,1281234.5825550824
246,1409671.407855265
247,1292868.337156704
248,1323636.5948878324
249,1517967.6658641375
250,1621181.2061549847
251,1376711.7166287312
252,1407689.6482303466
253,1207458.738346645
254,1342056.5062465833
255,1178542.6995348372
256,1081721.797064717
257,1464919.636727498
258,1388636.1986393554
259,1260827.8049841148
260,1129382.6085390893
261,1295873.1709996432
262,1561748.1047466227
263,1399709.714420095
264,1122293.600892668
265,1247506.0004274927
266,1237921.1826838835
267,1165360.416564122
268,1213110.310984019
269,1167797.0186302448
270,1058599.3473153505
271,1438129.568833292
272,1272741.780812881
273,1289215.3837807702
274,1400496.7627262129
275,1509961.9797979465
276,1202186.7003763253
277,1339604.0812553847
278,1430147.9710596139
279,1132493.5785050606
280,1122133.6251655964
281,1500311.4433213596
282,1023698.844698998
283,1573686.998126277
284,1346020.8044118166
285,1193233.0711083314
286,1332769.962239057
287,1027993.9787183392
288,1399966.1602116139
289,1159049.9517516529
290,1200332.0570555807
291,905886.069256594
292,1142487.1511859987
293,1453001.2723233826
294,1442909.7918888114
295,1067865.1280393004
296,1480674.4779669836
297,1308153.551636082
298,1518000.6443610303
299,1427934.3302563543
300,1348449.3911220445
301,1246852.6524291744
302,1089608.832995093
303,1211997.956148601
304,1436039.7456421372
305,1451709.8420113083
306,1439102.92088772
307,1221628.6456512683
308,1546574.8379649648
309,1403824.1423226646
310,1472899.9052513472
311,1349112.1504695844
312,1321868.2603817475
313,1255221.063889049
314,1334580.5940272806
315,1503331.4958581806
316,1304871.7623465715
317,1473006.976668459
318,1334809.644517175
319,1490368.1896475346
320,1491667.3274801935
321,1425719.3893549554
322,1311217.6893226998
323,1390345.463244847
324,1659598.2244259547
325,1477362.569263038
326,1364371.0999128812
327,1250037.3977731061
328,1381742.5131938376
329,1395455.1019588225
330,1346875.0270038713
331,1030404.0139448374
332,1635910.393968932
333,1372008.2174342617
334,1445623.1391158456
335,1255991.0809560458
336,1473920.2166094298
337,1062434.4193734005
338,1309985.1249487947
339,1518158.8705062945
340,1451274.6370294543
341,1277061.7592297993
342,1335980.7257565504
343,1419661.5004140076
344,1434672.67447935
345,1546196.4268581138
346,1462913.1170298264
347,1302626.8455071836
348,1108195.9280904213
349,1321630.0702727828
350,1382648.529369448
351,1308155.8105804974
352,1287871.5698924516
353,1402193.3017298102
354,1465723.6762253072
355,1361365.3273481147
356,1227124.5752680637
357,1633046.1975465415
358,1267173.2069806224
359,1318751.499818978
360,1330870.1887192116
361,1395800.7853342923
362,1487526.2593246296
363,1265548.0283135485
364,1306559.7379863434
365,1120656.7449178842
366,1602144.3988811786
367,1357658.6122578753
368,1163929.5268189504
369,1571579.4182862795
370,1271907.064154768
371,1325823.5008200444
372,1512231.284166208
373,1364621.705470389
374,1383918.9927828622
375,1242901.3450367656
376,794233.1734128833
377,1389547.6179583804
378,1300592.109344567
379,1370445.8674909726
380,1023251.6990492785
381,1284963.327034876
382,1420014.619788121
383,1192198.5872804837
384,1436885.492717005
385,1204250.1428141943
386,1342068.1832470528
387,1498123.7454055701
388,1426248.6257320687
389,1275486.9570788117
390,1413142.0273140455
391,875777.3782788013
392,1307513.9545320093
393,1241479.1936974
394,1301385.239758707
395,1354830.0198190468
396,1337713.4179708413
397,1473561.7138151354
398,1279745.3780596463
399,1269147.0372846033
400,1277009.333279419
401,1429777.6299710397
402,1473417.3327984435
403,1251558.901093948
404,1245668.9945397165
405,1526518.0133180167
406,1281407.4921343508
407,1436916.1183294875
408,1361521.761027752
409,1463453.0865807792
410,1282630.5912088093
411,1090353.7457654343
412,1357027.4625451036
413,1336505.1312414238
414,1400771.8967678018
415,1292959.1989628128
416,1447786.229985859
417,1347339.5608760735
418,1341058.5041615837
419,1208131.0013533588
420,1046537.9574999884
421,1452418.3646354664
422,915936.353700665
423,1308627.1490525932
424,1418631.6088481364
425,1303144.0592151305
426,1429262.3076476702
427,1532492.5634545109
428,1369993.755993203
429,1414662.1748554877
430,1359856.4872541865
431,1297527.6677725455
432,1218960.323532156
433,1346959.174619024
434,1162934.3089238016
435,1425293.5981271334
436,1321129.7352545727
437,1345453.4393180523
438,1018122.4334417997
439,1327721.3084950687
440,1226530.8176337292
441,1171420.908598767
442,1350635.2918875823
443,1303999.093713313
444,1113640.3182699697
445,1288489.1598481408
446,1352735.4416635204
447,1260262.600666966
448,1401703.7100069367
449,1323175.606348015
450,1455505.671457556
451,1087080.5201503395
452,1128973.8470293148
453,1125109.4994155911
454,866366.2464570267
455,1464395.9587730556
456,1131237.1404178943
457,1385264.95468225
458,1292175.0834302492
459,1507199.6978206502
460,1438754.6540508769
461,1386466.85768731
462,1366834.6738522337
463,1506458.7312603313
464,1160426.7157498088
465,1616101.3333992094
466,1358374.3756571803
467,1415937.6159839444
468,1370417.839826973
469,1015512.183956943
470,1195714.5140311052
471,1392581.8605577624
472,1333837.1547994504
473,1254034.4797424672
474,1488858.9714915452
475,1391282.8822019575
476,1341575.3028848781
477,1470427.084632469
478,1153084.6011782226
479,1370324.492052999
480,1396275.2464447422
481,1321643.830780905
482,1314023.3250320535
483,1267573.0279786552
484,1296968.662600448
485,1459834.6034556294
486,1395526.131265547
487,1354033.856169997
488,897665.8178889187
489,1275026.6614662665
490,1106948.5055559422
491,1382043.2343876516
492,1291203.6056076537
493,1198173.864097536
494,1459566.3029863997
495,1216883.1322920048
496,1295436.7097866356
497,1440456.5558346708
498,1315030.5479634118
499,730466.1720005517
500,1304366.8176233303
501,1274766.3953188348
502,1383868.271382778
503,1354822.397132808
504,1351657.2054578383
505,1370871.059007797
506,1101755.5683939669
507,1481875.204341456
508,913557.8307127934
509,1038055.3796364592
510,1277690.6101857868
511,1311777.3416999518
512,1230629.7720333068
513,1309251.781846355
514,1450151.4676527237
515,1301269.6796787193
516,1235704.4893726022
517,1230194.6503485865
518,1481216.2981459277
519,1467300.7239351587
520,1491240.2291338677
521,1258184.2581122373
522,1269804.3662737296
523,1227722.2438477532
524,1421210.9268089263
525,1462760.509972411
526,1440278.314841082
527,1284353.927072185
528,1314553.1185983655
529,1335922.6001063485
530,1490376.573387481
531,1196380.1805652285
532,1541710.8963319182
533,1375076.0058552583
534,1288059.1649641844
535,1266976.4621556574
536,1250178.7891489381
537,1382957.0392208425
538,1127451.9680425795
539,1551546.1032669502
540,971210.7695820921
541,1078258.0154083997
542,1329699.1936264334
543,1188757.5643814164
544,1235907.1233995853
545,1387474.289959012
546,1403684.0873154441
547,1451831.2510453707
548,1043452.2497822578
549,1269474.0375516813
550,1322219.8608383078
551,1389572.9627600673
552,1336126.8196003742
553,1224142.2281179323
554,1442433.7900611768
555,1045845.2322953339
556,1427005.3115567393
557,1114854.0069205945
558,1402012.4782197995
559,1323066.550792378
560,1204519.2463587043
561,1098416.3222418781
562,1651614.9119139982
563,1187173.3754306773
564,1350145.633577844
565,1266307.3243794858
566,1113643.3932864165
567,1139357.324385322
568,1150898.3903858114
569,1437871.8596629587
570,1237303.760575332
571,1293995.455362964
572,1569292.9422005245
573,1136340.778988129
574,1120576.6284439303
575,1203294.0882499358
576,1209124.1016191472
577,1546426.3923291548
578,1432636.6309323204
579,1369543.6893695795
580,1188992.2258016006
581,1245865.113920758
582,1466984.4962945916
583,1389625.8157062926
584,1439164.0816200445
585,1601683.622951464
586,1127342.4763165333
587,1226845.105484263
588,1481614.5742780408
589,1342127.8442659944
590,1406672.7619201294
591,1107223.823317972
592,1404248.4538854335
593,997123.9556592997
594,1670147.0826709396
595,990582.8490253489
596,1297359.7708246629
597,1262006.7830105147
598,1350561.6291819965
599,928143.7474240308
600,1379734.9256781037
601,1368487.185000256
602,1514059.754077728
603,1429724.9565558548
604,994076.7756699456
605,1369411.9842066488
606,1420946.563154513
607,1435756.8445511109
608,1393835.3642051432
609,1531619.1842050299
610,1461090.3643464933
611,1535000.6723011618
612,1104127.9468979842
613,1375419.4021694257
614,1241073.3901098482
615,1509834.3621921272
616,887846.6944766635
617,1218518.5213818487
618,1186738.3138671448
619,1191841.82959588
620,922949.9044889411
621,1407360.6761867108
622,1341245.5692553525
623,1321401.181933634
624,1435341.793412249
625,1364026.2594409096
626,1161253.2616578615
627,1173003.72844761
628,1321937.3057514664
629,1444859.3079875843
630,1531672.2535852573
631,1164391.3368429597
632,1410960.969100922
633,917727.069595987
634,1250090.932735274
635,1472051.9946752868
636,1501610.9817615193
637,1164877.349393638
638,1484746.9750200596
639,1127028.5033131759
640,1488437.713983752
641,1234550.8160760547
642,1382927.6246461046
643,1174038.7840056887
644,1408284.7795453318
645,1356145.4800706888
646,972201.3194044549
647,1388083.347579049
648,1298054.2738247865
649,1426701.770221799
650,1349687.5652713403
651,1509345.2912710705
652,1147791.585684318
653,1384541.5022198355
654,1386738.617459172
655,1149749.60694597
656,1112298.2173818958
657,1199724.455307022
658,1114581.880084294
659,1441241.1078361657
660,1119677.8598797452
661,1309834.770788585
662,1398557.6193012404
663,1037470.1822651017
664,1476887.8324510737
665,1224737.7826639814
666,1334505.8311903782
667,1192336.6899092575
668,1401383.5757070438
669,1291063.9135970806
670,1327928.6215355464
671,1330890.408686888
672,1041344.1996413348
673,1557857.9497000806
674,1097014.2541617432
675,1420302.8345809134
676,1489192.0091167572
677,1204136.4020842344
678,970429.3382317092
679,1236730.7475208272
680,1222100.305546812
681,1316290.7932296575
682,1260175.2436917766
683,1360607.9951702303
684,1288319.982297107
685,1187606.6991610213
686,1428040.7917934365
687,1203221.9820101392
688,1263852.8353974735
689,1270367.868910428
690,1327689.424207055
691,1133079.6334493395
692,1301943.888875457
693,1333426.2986335927
694,1513696.3505534434
695,1288281.4903019047
696,1547362.601459596
697,1472515.8226212636
698,1354593.0632971255
699,1529915.8443972184
700,1308967.889830555
701,1455192.381774661
702,1621585.5438774386
703,1242111.9871480814
704,1234418.9763102322
705,1456896.8392807783
706,1487189.7456055626
707,1004042.5027669548
708,1439829.7094053451
709,1022341.9000736249
710,1431289.011090601
711,1205134.8594704052
712,1152640.1332926434
713,1169407.6834324228
714,1011495.8398244285
715,1191166.4787658527
716,1354127.8613592065
717,1298685.7928199794
718,1365742.9276382045
719,1472075.7144090142
720,1262041.2288131865
721,1399149.2720275044
722,1245772.2662159784
723,1376634.723787983
724,1392928.7943160075
725,1211097.2022885715
726,1337355.9944037665
727,1183809.7024768721
728,1456776.6881157495
729,1480523.734292955
730,1200095.045271199
731,1469828.3301606134
732,1345906.0551526207
733,1530666.456862324
734,835374.0749306484
735,1536260.7039627787
736,1382406.8650652168
737,1471664.303183785
738,1459208.6367502313
739,1326640.1267605925
740,1021406.2708103303
741,1530003.6395107468
742,1363071.7829867608
743,1101010.7873022547
744,1239800.0988917635
745,1206438.9625643198
746,1218408.4888445572
747,1632395.2412354276
748,1500380.4991158415
749,1525522.3589210408
750,1516533.5802211307
751,1250222.1023603745
752,1360466.3857557618
753,1208379.4010408837
754,1222120.6247048515
755,1161502.913076743
756,1478561.6233236752
757,1375967.5960710878
758,1204996.282921131
759,1389885.5478229865
760,1291512.9071147135
761,864765.1483794795
762,1451025.2891560877
763,1281211.0670891844
764,1291343.6458081692
765,978902.839647843
766,1384464.3783258686
767,1292164.0816694975
768,1267202.5608209462
769,1330434.5266520758
770,1370966.8477002326
771,1384417.0519840317
772,1316470.57842991
773,1454699.526295117
774,1505382.57000311
775,965922.3183688
776,1045015.6078529364
777,1163670.740166508
778,1340786.174932236
779,1446060.847523516
780,1216252.6185027522
781,1368784.4098077456
782,1079079.8502626102
783,1457427.5706606512
784,1415392.395914635
785,1174270.445420446
786,1272914.4479353835
787,1236631.0107538006
788,1436806.8196582282
789,1314246.2984757777
790,1165171.036875878
791,1359902.8241123175
792,1503898.2894702214
793,1066674.8246434473
794,1404454.5945610832
795,1385783.2295111371
796,1408471.2833041998
797,1395958.9756181159
798,1486517.7807594151
799,1412892.2659798467
800,1218048.9917454221
801,1195128.9042729947
802,1332783.1974457053
803,1295185.5031602955
804,1378020.263348211
805,1360337.9549381612
806,1023105.7570149999
807,1354849.178381047
808,1556669.3662622373
809,1082070.3909491631
810,1264287.1850453545
811,1174938.8995964066
812,1304434.237182933
813,1220147.678001309
814,1180044.041924044
815,1424807.226167831
816,1430830.4532407823
817,1345033.2520050025
818,1376424.6343776868
819,1260498.9071012523
820,1236261.1743614296
821,1492109.4536070323
822,1077368.9780227614
823,859936.5166656412
824,1178042.804658283
825,1407211.6703517528
826,1467911.0442987909
827,1214834.3457238122
828,1335667.4466154878
829,1287034.0543081125
830,1376196.5580914493
831,974607.8874272739
832,1352395.7137172837
833,1251955.845151089
834,1432024.8983562954
835,1098707.6583792996
836,1462856.2186498186
837,1305529.10128692
838,1414408.6863039338
839,1238300.8588997899
840,1446667.735638705
841,1427052.6859949091
842,1551184.9275849895
843,1524943.4520355712
844,1146208.8112842129
845,1279878.3832043575
846,1349549.8746970205
847,1271630.8628795894
848,1328669.3447513725
849,1404319.2867856272
850,1329465.6067445537
851,1437631.647005998
852,1409826.9275529808
853,1433655.754403577
854,1437916.979520138
855,1284301.2123691058
856,1150760.4355874541
857,1320545.3733291083
858,1252695.4572365887
859,1032731.9262394524
860,1057007.1897369314
861,1459116.127666332
862,1479075.8067719096
863,1369947.7000407423
864,1444748.670848913
865,1517635.9762604008
866,1329284.0798382997
867,925682.3777312964
868,1382719.6885585026
869,1471969.894533166
870,1390815.881414629
871,1435243.9476983312
872,892912.1988590987
873,1545858.7729321413
874,1045558.2431398825
875,1373930.8003682536
876,1476362.339290541
877,1269098.8009104482
878,1310827.7920131993
879,1506694.6926911722
880,1126561.6005237633
881,1375091.810000496
882,857826.430082917
883,1309422.9560789976
884,1374771.8029836249
885,964431.4511884396
886,1185663.491877994
887,1249090.6539637404
888,1527401.5949474056
889,1164939.5364361312
890,1367102.8214140993
891,1237575.1487385365
892,1344101.7612199266
893,1174972.1908367637
894,1407892.8361112108
895,1364672.0744112872
896,1463219.3195608552
897,1435404.3326036732
898,1393039.0489556757
899,1456161.060599681
900,1458760.1202376836
901,1142951.310248992
902,1628143.8048011884
903,1399972.229813136
904,850496.0332908015
905,1595615.531935783
906,1045467.2438341092
907,1348078.2199287263
908,967518.7661482716
909,1565851.741868625
910,1441606.9434518346
911,1239352.352406314
912,1315820.120850386
913,1292704.4970845184
914,1357653.9980652009
915,955378.5583619011
916,1493651.4201590735
917,1427385.0480381574
918,1012060.2337163893
919,1433627.5652412304
920,1506006.1646542335
921,1243539.8125967034
922,1455049.9527355174
923,1533758.3000704183
924,1359327.893584529
925,1157252.5259567746
926,1002272.9820471648
927,1187322.1863684256
928,1160417.4060074661
929,1433275.8420824634
930,1120879.8949492837
931,1448604.0921598843
932,1073896.8328238952
933,1540001.0252627695
934,1236006.4063845375
935,1475325.41274627
936,1406916.6325820084
937,1521365.8935153522
938,1293165.1441844874
939,1549128.8066817115
940,1361563.2905558932
941,1133985.4771804751
942,1355755.873417083
943,1443947.4741156716
944,864830.5924767246
945,1351433.6283736667
946,1364387.4380313507
947,1431926.742280521
948,1410808.026796625
949,1376230.0816687266
950,1229660.863048389
951,1463575.6020529428
952,1520378.018070079
953,1304282.8277679791
954,1267868.312227922
955,1431023.4401388613
956,1279610.750584734
957,1319500.022421482
958,1454610.6601253077
959,1195562.2179667798
960,1224111.775867959
961,799955.0669171612
962,1498675.1764306459
963,954806.608498818
964,1384421.7576019368
965,1435656.8135319084
966,1349917.3887882205
967,1208779.0870761941
968,917186.7012058556
969,1318327.9071468296
970,1495558.3113174017
971,1319736.4068649276
972,1230671.6269044587
973,1417913.2727785804
974,1197647.8259275106
975,1145526.9722517054
976,1129178.2767195865
977,1497100.8361355774
978,1301757.904615311
979,1311751.650291998
980,1502486.674291752
981,1245564.065814889
982,1260883.5398720826
983,1354570.7870990108
984,1344724.4187931647
985,1491269.1012230737
986,1207312.9744030344
987,1238952.0409396787
988,1318804.784552314
989,1479196.2147198922
990,1343936.2912664928
991,1442753.7175963344
992,1429646.8401137884
993,1105353.596261387
994,1376974.4504570952
995,1451646.5172303969
996,1371957.8972102453
997,1459668.3206484716
998,848184.4279741683
999,1316445.975658459
1000,1428406.4666212816
1001,1333945.829112735
1002,1138720.4447575666
1003,1274097.2809048728
1004,1095380.0093772046
1005,1571599.857376149
1006,1305771.8686091707
1007,959901.751502173
1008,992818.3455344798
1009,1224203.6778131102
1010,1417134.5562540272
1011,1355359.8755273097
1012,858457.3275733353
1013,1167251.4195175145
1014,1248746.08413527
1015,1329711.7478760693
1016,1476795.5583853438
1017,1297124.0775453441
1018,1421440.9645353705
1019,1390638.1014949658
1020,1302600.4404579694
1021,1293709.6327976051
1022,1173599.3049579018
1023,1482350.0852542762
1024,1023120.0961624067
1025,1453187.2390058285
1026,1432095.4845331572
1027,1218346.3395651807
1028,1496230.122712954
1029,1186845.130707325
1030,1549755.2394478852
1031,1351706.0513633708
1032,1311434.2260114574
1033,983221.7605741463
1034,1353662.0413216716
1035,1426473.5690880977
1036,1274778.4916594692
1037,1201835.2655488974
1038,1141370.6330422522
1039,1404535.4812733855
1040,1538675.8207691095
1041,1446510.413477091
1042,1074824.1008615845
1043,1230706.4231464732
1044,1206186.5487346395
1045,1379769.7184203288
1046,1467192.9223624435
1047,1503555.4170339813
1048,1155544.0573445412
1049,1242918.6528058036
1050,1178740.7103234332
1051,1445668.671474306
1052,1202883.3813412227
1053,854626.4725125568
1054,1366561.5849891128
1055,1193006.1800970645
1056,1425568.0588086366
1057,980018.305795728
1058,1261194.218652914
1059,1282256.7896052469
1060,1235039.5597597798
1061,1148512.4933288298
1062,1518456.6632164929
1063,1333252.478034319
1064,1355875.3490079804
1065,1401143.0867901384
1066,1358251.8261009345
1067,1565594.3114952995
1068,1304522.1965485644
1069,911452.8976767426
1070,1280394.5189244738
1071,1446282.1481558674
1072,1476136.3323958148
1073,1191942.0961375216
1074,918606.3794939918
1075,1059207.662726686
1076,1258325.0804664192
1077,1148592.9647926704
1078,1386624.4479951991
1079,1342353.5402125197
1080,1437388.3498216572
1081,1300107.3327955035
1082,1486193.7504693142
1083,1263598.782740771
1084,1238325.482422287
1085,1439866.1480438143
1086,999970.5409770426
1087,1381296.617025869
1088,1110769.878148539
1089,1271989.4718836602
1090,1182016.4544901643
1091,1216055.0364151227
1092,942719.8051526896
1093,1280977.5074223347
1094,1290169.352144337
1095,999077.3937050701
1096,1577958.2376419061
1097,1293327.8255464179
1098,1409611.8541529307
1099,1404709.663036999
1100,1418160.4394672194
1101,1058705.4826851517
1102,1294607.0767181108
1103,1167267.0339928393
1104,1325772.3188213909
1105,1116400.14720102
1106,1278720.707477368
1107,1298398.271484718
1108,1446340.1775396918
1109,1391768.7763589998
1110,1446222.89559082
1111,1339873.5844407165
1112,1284727.0442738817
1113,1212937.3163825509
1114,1505969.1833302558
1115,1329164.378953229
1116,1239337.0661778005
1117,1467383.191402563
1118,1438027.4689250153
1119,1454562.2246727801
1120,1205399.0268853633
1121,1280367.1965811856
1122,1307600.2355436832
1123,806052.9498817573
1124,1217362.1527322873
1125,1355779.9500544015
1126,1433126.304028966
1127,1457186.7046865476
1128,1488120.562848666
1129,1480026.078679199
1130,1448971.2726707933
1131,1299696.5630738179
1132,1389131.5614854253
1133,1149993.3436690562
1134,1139886.9729583482
1135,1206551.9970823242
1136,1430711.4805763129
1137,1234966.105980962
1138,1422167.1969378372
1139,1012021.3033412427
1140,1235360.733351544
1141,1380710.5256672965
1142,1159054.9215868677
1143,1410563.960641326
1144,1515116.9815515592
1145,1386655.7548128113
1146,1174403.883442398
1147,1394496.59983416
1148,1236002.696287209
1149,1402298.0219078294
1150,1332245.1081595416
1151,1201521.9497255362
1152,1348967.6517813958
1153,1328276.8888076216
1154,1463854.1279620847
1155,1313663.644383783
1156,930232.8285625995
1157,1080465.0468848185
1158,1403301.7926931868
1159,1171784.7553006306
1160,1324052.8753331203
1161,1349788.1231358282
1162,1034396.1979578343
1163,1537886.7745108276
1164,1465321.4520623195
1165,1435239.9444657557
1166,1553620.6343015973
1167,1312338.712308971
1168,1441410.6107150617
1169,1426956.8094960402
1170,1445383.6661847127
1171,756318.3393127441
1172,1362524.9502703776
1173,987304.5335737035
1174,1324891.2691901664
1175,1238458.9590728623
1176,1094974.4928341524
1177,1477442.1568709826
1178,1308455.9644095297
1179,876980.772684302
1180,1378702.884620947
1181,1296295.3748501383
1182,1424376.4365262813
1183,949004.2535269698
1184,1004270.1556705011
1185,1362180.576362438
1186,1452249.2118785142
1187,1144825.4992423798
1188,1114474.3491758218
1189,1302522.7116103063
1190,1449340.2457601486
1191,1316114.820235021
1192,1070791.793477163
1193,1383264.558227887
1194,1351072.629349863
1195,1170600.0434188903
1196,1227172.640411562
1197,1313637.7502564213
1198,1062957.1610351526
1199,1398184.2249791578
1200,1302161.502763086
1201,1390499.3858774912
1202,1071789.5444934797
1203,1272970.6960261606
1204,1485284.6590402245
1205,1461376.966005889
1206,1159778.8939368017
1207,1448283.7392211445
1208,1196948.611861461
1209,1243327.5619840124
1210,1400903.4929617934
1211,1175924.1512763712
1212,1249390.7216280308
1213,1350313.6330476534
1214,1549255.8355380662
1215,866256.7100777382
1216,1573225.529264798
1217,1373019.4792691467
1218,1553736.5714737622
1219,1109508.1504657236
1220,1325041.3416221708
1221,962579.0259023187
1222,1135751.4877399602
1223,1453394.4586141221
1224,1442168.6661869276
1225,1213035.783451146
1226,1098665.3431887256
1227,1552331.6124565275
1228,1336281.4789042042
1229,1529977.7777543522
1230,1315921.582645979
1231,1498552.4500021792
1232,1479763.566730416
1233,1346134.534867029
1234,1361333.921772982
1235,1376941.1039219608
1236,1201832.9184143993
1237,1257175.8801626323
1238,1454638.083224291
1239,939121.3437810752
1240,1486815.9020279364
1241,1350242.5082183422
1242,1117969.8007679437
1243,1103302.1035360056
1244,1252894.5641417326
1245,1264287.2864502424
1246,1322905.5471803716
1247,1349901.7808527194
1248,1367741.4694699082
1249,1391361.171545911
1250,1424940.1532070513
1251,1131549.1599061007
1252,1153712.3877423666
1253,1090910.5133232286
1254,1473456.8395444981
1255,1196265.3903261176
1256,1024915.2750556647
1257,1230355.0661188515
1258,1285141.96699832
1259,1132004.1547702171
1260,1365116.7887695464
1261,1565925.628609154
1262,1347579.7070212585
1263,1500655.3036926824
1264,1355971.4603204848
1265,1167319.1360338419
1266,1401809.782101874
1267,1218984.2045857245
1268,1229319.4752427374
1269,1442539.2424084074
1270,1411045.720788974
1271,1357083.3941148997
1272,1312698.8293336364
1273,1148922.4067957534
1274,925226.7397962409
1275,1051519.2350326562
1276,1042080.9375804338
1277,1025530.7237025993
1278,1480589.0194556457
1279,1102083.0466453317
1280,1481897.3384778688
1281,1427375.102160535
1282,1323775.644141078
1283,1292739.9448902586
1284,1373340.60273449
1285,1532526.2036752289
1286,1382222.5137571297
1287,1130599.0815303228
1288,1307436.2659399428
1289,1424868.511468028
1290,1284020.7056352573
1291,1381277.508300795
1292,1228688.8236752371
1293,1085799.0685096441
1294,1354324.5205123497
1295,1438964.8194452198
1296,1401074.7088865845
1297,1255536.3250491945
1298,1432783.1456160254
1299,1214670.8676244807
1300,1253606.1597570046
1301,1055714.0877941195
1302,963460.9045270395
1303,1414574.6699787579
1304,1448941.333516781
1305,1462470.1525682227
1306,1353383.0419998064
1307,1450011.4210363652
1308,1457845.0944313416
1309,1092740.968238624
1310,1544450.5650298065
1311,1475217.499517972
1312,1076927.264451326
1313,1357870.9848715784
1314,1412530.7655572211
1315,1381993.9776483919
1316,1370751.345348871
1317,1202828.3124057292
1318,1495517.1417723678
1319,1615220.0034608508
1320,1156593.8768762378
1321,1217324.758559699
1322,1477495.5044350114
1323,1116251.0503135412
1324,996558.8839764639
1325,1485486.436844731
1326,1557362.222800452
1327,1318836.0857926463
1328,1270149.6764234966
1329,1306761.488881013
1330,1239371.4339966078
1331,1495635.6973109203
1332,1181705.5964441288
1333,1246944.6714753595
1334,1384885.2942310805
1335,806445.4746743041
1336,1481688.5715463944
1337,1447159.0881216223
1338,1319014.687664703
1339,1555043.494995062
1340,1441853.3549009878
1341,1564198.631271693
1342,1277495.8161895555
1343,1227752.1373652406
1344,1315231.7418506832
1345,1269956.700847338
1346,1171788.6624233949
1347,1376835.2698277268
1348,1506958.834667897
1349,1369700.5321210169
1350,1478291.9653581057
1351,1077084.553373775
1352,1428839.078106306
1353,972126.2342331645
1354,961576.0574120415
1355,1151801.2806631438
1356,1477438.387082478
1357,1381622.9882088553
1358,1348074.4859275024
1359,1117304.5449687957
1360,1262153.260317409
1361,1304537.911503946
1362,1151623.5549371806
1363,1016580.49643797
1364,1366987.1727291741
1365,1282541.9695657962
1366,958507.9307098174
1367,1553173.1424723587
1368,1211301.091669438
1369,1202482.9981034703
1370,1471352.0865268873
1371,1143267.7166809447
1372,1558702.3177906114
1373,1238693.7614841221
1374,1423227.7156763456
1375,1395716.352947687
1376,1355301.6279300174
1377,1453469.9092604397
1378,1095630.5292493238
1379,1496451.7319430674
1380,1440553.074385821
1381,1151886.6795575316
1382,1459890.4855825047
1383,1260470.2937074192
1384,1321020.1182476901
1385,1015892.1214537242
1386,1377645.2594290217
1387,1193750.923226121
1388,1216062.6899946844
1389,1371694.7847237224
1390,1428886.9949774286
1391,1056882.679867196
1392,1575314.7607520022
1393,998549.499195238
1394,1300846.7983157088
1395,1170867.2018831081
1396,1447998.0741243518
1397,1185452.9744096422
1398,1302122.1663026707
1399,1222437.6494233652
1400,1485735.7903864125
1401,1262508.5700726942
1402,1556698.921564401
1403,1466167.664594966
1404,1129035.5610529166
1405,1513919.9656073635
1406,1201357.875010233
1407,1467119.8375579137
1408,1346401.7869990799
1409,1197045.5771301049
1410,1517148.1242125903
1411,1428153.7601538363
1412,1211124.548098216
1413,869258.033428479
1414,1373337.5112096197
1415,1397159.0346308893
1416,1551725.2384356284
1417,1402951.278844476
1418,1431052.9277626108
1419,1503282.7625412794
1420,1230751.8220593876
1421,1297229.8444443222
1422,1240240.786766387
1423,1389513.6074834024
1424,1187517.0445452575
1425,1349773.109116167
1426,1492185.9968667042
1427,1574452.8469777862
1428,1474444.115256781
1429,1150947.688245215
1430,1397428.27028185
1431,1041611.3866518874
1432,1103093.5240892011
1433,1518865.2652367486
1434,1482100.547812416
1435,1377455.0799490095
1436,1506594.7342477685
1437,1432232.3126905158
1438,1124847.2018223188
1439,1618357.1439664674
1440,1398401.3513611574
1441,1490570.9762472378
1442,987096.7770099388
1443,1383289.373045598
1444,1511566.5997094936
1445,1321645.9993571506
1446,1173069.7786186617
1447,1468680.6702635388
1448,1009833.3405839192
1449,1139839.2114847898
1450,1307697.1289986
1451,1527197.6761006953
1452,1364182.3218536905
1453,1187162.2808682355
1454,1468308.2564031058
1455,1354003.4815595252
1456,1379197.9480897407
1457,1466364.0086232428
1458,1303394.1349093195
1459,1487474.4977170904
1460,932586.5735825772
1461,1172644.0421523813
1462,1453525.7468313647
1463,1188870.8790098217
1464,1332025.5445315477
1465,1458814.9572487148
1466,1264684.8869720139
1467,1204328.0639755991
1468,959491.1835608811
1469,950789.7760979393
1470,1568028.2233543652
1471,1413476.7947401165
1472,1091954.7195106088
1473,1456505.7474073719
1474,1088005.1310732055
1475,1298306.5008041942
1476,1058992.5490267493
1477,1332592.2613012593
1478,944380.96780573
1479,1462239.9112778406
1480,1278499.227032336
1481,1342925.4131952184
1482,1508114.045243326
1483,1285222.0004737626
1484,967443.0821049747
1485,1179820.6288830023
1486,1645426.0272860758
1487,1086969.7460328122
1488,914177.7726318452
1489,1046707.4669419363
1490,1243246.119162907
1491,1129604.5831326668
1492,1453625.667054203
1493,1448393.1668498588
1494,1423058.507336121
1495,1293877.69595478
1496,1064973.3873899232
1497,1403684.0236664743
1498,1463098.8271021652
1499,973739.7175057117
1500,1337838.5543614007
1501,1336874.7113035535
1502,1464460.128880019
1503,1525325.0668515237
1504,1248984.2594228697
1505,1181005.0954738988
1506,913990.5161263559
1507,1345946.1054969796
1508,1146425.3489775166
1509,1476165.804775742
1510,993709.2835681981
1511,1146845.3322043016
1512,974214.93697249
1513,905007.3978855199
1514,1262302.6035748296
1515,1361138.7765142214
1516,1054206.5288080918
1517,1326186.8481755373
1518,996797.357788208
1519,993719.5742242847
1520,1217492.6424783934
1521,1268487.124900003
1522,1487713.3463564245
1523,1416215.242397281
1524,1472324.6340084616
1525,1556821.793139056
1526,1141260.777789691
1527,1367724.6399021002
1528,1383271.2143325196
1529,1422306.9316755144
1530,1293911.7933723652
1531,1406524.4777596463
1532,1440503.620884728
1533,1280353.8254255794
1534,1236805.9404901955
1535,1395631.6547728886
1536,1277190.9016320636
1537,1363294.91267062
1538,1477582.373547753
1539,1468615.051528014
1540,1447097.3568247992
1541,1358921.5922954069
1542,1203148.360015382
1543,1310328.0724785621
1544,1388482.1146508255
1545,944194.1967617684
1546,1011777.8037810727
1547,1136410.000244604
1548,1354508.7671233278
1549,1292748.423194595
1550,1241634.2810072105
1551,1192485.6414861693
1552,877754.5292368508
1553,1388874.133136465
1554,1261266.3541198394
1555,1492471.6003294343
1556,1487295.722893835
1557,1189569.2987732193
1558,1376917.7175850337
1559,1113638.1969936523
1560,1197553.0483099145
1561,1318275.8866274152
1562,1455294.9189130533
1563,1413959.374750321
1564,1234815.8864010645
1565,1308348.1893817012
1566,1148289.4469393538
1567,1316098.2806156746
1568,1338910.1839247784
1569,1276769.3796966723
1570,1344262.0749078072
1571,1305025.2188136813
1572,1332585.6033013032
1573,1464249.7160680091
1574,1286615.762599458
1575,1392734.607016101
1576,1181326.6715111397
1577,1387126.2415099908
1578,1192956.6305582633
1579,1441684.7282168006
1580,1130847.120651932
1581,1490521.1426739583
1582,1428268.2903859722
1583,1440041.441864857
1584,869625.9782767536
1585,1456300.9031315017
1586,1277356.1241603133
1587,1529731.715101013
1588,1394606.015584384
1589,1288001.5250110242
1590,1406319.1714950488
1591,952933.6553687025
1592,1350349.3809741691
1593,1421762.0443365842
1594,1352422.9233747814
1595,1356794.5270578929
1596,1205791.9157768097
1597,1609357.2656209825
1598,954708.5213145416
1599,988524.6573176141
1600,1138280.116528445
1601,1433344.7821595974
1602,1214353.5664064807
1603,1360852.3196771147
1604,1085732.8572540455
1605,1597262.1009804378
1606,1331967.2891048887
1607,1182134.0336711921
1608,1292684.6809125436
1609,1421317.508352406
1610,875010.6245564544
1611,1163432.999350899
1612,1327292.6888479325
1613,1318703.9986927598
1614,1228228.3441307703
1615,1288316.9732197959
1616,1555056.782746376
1617,1451148.5436135659
1618,968792.4157392887
1619,1601167.704648083
1620,1525390.025798347
1621,1224561.9919250442
1622,1477570.6112665504
1623,1559052.2228418055
1624,1157928.7014430484
1625,1273584.9934535483
1626,1101041.153164133
1627,1525727.3291063095
1628,1355050.2389868456
1629,1595219.3820248018
1630,1233382.8322953787
1631,1184973.6225366902
1632,1238071.177616024
1633,1213291.9965423376
1634,1431291.096912811
1635,1461904.2733380839
1636,1290501.1426803435
1637,1444761.5860170086
1638,1367881.3556944474
1639,1185536.9100731153
1640,1424582.2341268938
1641,1224001.7175893735
1642,1399028.0739959918
1643,1298231.1278888432
1644,1344362.229786995
1645,1488470.3616063795
1646,1259743.2693002531
1647,964175.5659785337
1648,1342773.0929648876
1649,1345236.2530588019
1650,1475229.5483570935
1651,1372940.3462273856
1652,1227755.9281006875
1653,881914.800584396
1654,1186218.885933257
1655,1610251.9605686606
1656,1098537.685629298
1657,1058913.3594361774
1658,1273443.1023227994
1659,933442.147535087
1660,1554113.2054947088
1661,1001344.893624764
1662,1251429.481584004
1663,1253109.9012488022
1664,1343832.6301889727
1665,1518080.8858816337
1666,1300580.396797265
1667,1418872.6673106009
1668,1411422.9230229205
1669,1219059.7365183518
1670,1461780.0455362122
1671,1267255.2775003456
1672,1544956.0615385098
1673,1302143.598646554
1674,1519194.33615795
1675,1095499.0741126544
1676,1206651.1192690171
1677,1222051.0121919746
1678,1480425.2279184011
1679,1239618.486191821
1680,1080454.8046830115
1681,1020537.809017868
1682,1367786.224467356
1683,1255636.7555379542
1684,1436851.846167909
1685,1458779.5970570582
1686,1273810.253958237
1687,1533709.3593724617
1688,1166065.3583303764
1689,1397455.8940022695
1690,1285123.4679190905
1691,1274130.6555131252
1692,1281377.0230010862
1693,1279301.2219329989
1694,1384383.5230856442
1695,1454364.6911990521
1696,1429219.644649469
1697,1073333.1745786187
1698,1364429.3316742254
1699,1049616.1783209569
1700,932207.7087602838
1701,1372973.658334629
1702,1350296.3325164744
1703,1497512.0821609376
1704,1319526.3788998644
1705,1402759.582180323
1706,1386539.8607476994
1707,1559053.5319805325
1708,1437301.458355576
1709,1462910.825484961
1710,1487037.7772865556
1711,1293796.320771762
1712,1417252.8491214328
1713,967120.1352337989
1714,1133658.3630300004
1715,1227326.034112978
1716,1280836.413145656
1717,1202152.6815460601
1718,1293026.654832562
1719,1424913.9579775983
1720,1509215.2546491139
1721,1467411.566649158
1722,1360892.8111742563
1723,1359424.0006848387
1724,1216277.6653858756
1725,1393936.896952492
1726,850972.187333653
1727,1548498.5691655802
1728,1284907.354221339
1729,1409606.5473246938
1730,831607.9085948209
1731,1330969.6331425859
1732,1481228.9898763765
1733,1518730.249012297
1734,1465493.6835732344
1735,1391417.3241277232
1736,1507875.6320275257
1737,1065463.6442789324
1738,1380055.08927161
1739,1576472.822963254
1740,1478927.2944272165
1741,1132641.6957498847
1742,887047.9440222032
1743,1435940.907551759
1744,1533094.799580083
1745,1309464.3063854908
1746,1370428.4034090007
1747,1174252.3853366913
1748,1505921.0171152153
1749,1345112.2973813086
1750,1359278.1914981597
1751,940431.5088240624
1752,878272.7236805917
1753,1261378.6383740196
1754,1059719.9367722638
1755,1204794.5396287108
1756,1440343.722208539
1757,1321258.5777340874
1758,1205668.690667732
1759,1321332.3922586201
1760,1434928.6404702398
1761,1327834.7076522717
1762,1468258.3376207224
1763,1419220.3537725925
1764,1313463.3715015664
1765,1430097.1370359978
1766,1374670.657030076
1767,1379934.8280727193
1768,1430716.268026573
1769,1083029.1650939642
1770,1214870.613908484
1771,754738.3360638156
1772,1301286.2288908798
1773,1158947.2565600595
1774,1331279.6898881306
1775,1588752.8906237597
1776,1100983.2008604328
1777,1369595.892669351
1778,1133645.5719850468
1779,1211018.0113887247
1780,1268678.1062580624
1781,1312116.7926962713
1782,1250090.7358990908
1783,1474843.721452931
1784,1386419.3234155774
1785,1402679.381099413
1786,1498895.7661266874
1787,881797.1837553085
1788,1049484.8513057623
1789,1383851.1860543976
1790,1139995.7472705531
1791,1544537.682329841
1792,983366.6686088779
1793,1059025.9879157788
1794,1126333.453867648
1795,1412510.9085896064
1796,1410578.6352477411
1797,1491087.1684912073
1798,1269544.5917496749
1799,1415347.6240831106
1800,1457453.8552529311
1801,1336623.3460750931
1802,1235999.7292207887
1803,1285612.0874726481
1804,1393710.4833184977
1805,1354419.4299929573
1806,1254407.462085694
1807,1237148.8731591047
1808,1362112.114788483
1809,1347295.3189524175
1810,1396643.2592658894
1811,1179669.292016799
1812,1388402.6325155585
1813,1405828.8572075951
1814,1010931.9571069091
1815,1282924.4452744848
1816,1015132.0892582795
1817,1251846.7198071345
1818,1355455.4627114132
1819,1418619.3780266005
1820,1328487.3026771985
1821,1348624.9728644874
1822,1153290.0319633228
1823,1179493.6067987967
1824,1460436.8508977953
1825,1195311.6142170294
1826,1269338.8713996746
1827,1019941.4866706735
1828,1369631.8802859816
1829,1418299.7613332465
1830,1425839.7805440377
1831,1335628.2877543396
1832,1491561.960543948
1833,1410716.94127859
1834,1386694.7544846463
1835,1121668.528417229
1836,1413924.0994065683
1837,1253955.1503533183
1838,1538053.071955266
1839,1373541.4521395965
1840,1355237.9397439775
1841,1571323.2203820548
1842,1311247.0869105775
1843,1164900.6507096468
1844,1406598.0613714398
1845,1376145.064661779
1846,1214629.4618014568
1847,1292422.5364661508
1848,1028529.9655567944
1849,1510046.9247184785
1850,1186691.6590480523
1851,1355844.197600553
1852,1394314.8847823436
1853,1397164.0677033737
1854,1134629.8499401023
1855,1504219.982775685
1856,1463828.3669461396
1857,1195647.013304323
1858,1397847.513295755
1859,1095922.4630866966
1860,942229.0887591857
1861,1264125.6924165094
1862,1103077.586694067
1863,1491615.0302663
1864,1405834.968444316
1865,1247003.1635438718
1866,1432631.318397182
1867,1441274.4494840493
1868,1499439.0056686965
1869,1441307.799475949
1870,1343959.9078485107
1871,1529670.3532715845
1872,1487785.194035891
1873,1305992.2497053503
1874,1176685.9339907884
1875,1115035.8394852504
1876,1355524.9549768518
1877,1278334.6512484364
1878,1398625.50894153
1879,1414705.1845869403
1880,1495504.1026604453
1881,1477629.7308132243
1882,1238241.5732800353
1883,1201371.6044608634
1884,820407.6676267511
1885,1438690.405893795
1886,1292306.883108497
1887,1334831.9777347585
1888,1403265.7737547115
1889,1443622.04127955
1890,1427569.2608584657
1891,1362727.4956889611
1892,1375506.9900954347
1893,1380756.1192855581
1894,1008217.1793091306
1895,1428744.9495706612
1896,1369897.175929791
1897,1357298.8071431965
1898,994779.887379928
1899,1417472.1273509369
1900,1456071.209859142
1901,1407645.6247145934
1902,1244340.088717764
1903,1140348.1058829504
1904,1189247.4155310986
1905,1266419.9564352157
1906,1400034.7083246745
1907,977898.0166414132
1908,1499153.147953434
1909,1391131.5929353319
1910,1247955.533311977
1911,1120196.4999027874
1912,1501127.4976166983
1913,948234.313155756
1914,1336697.4498636883
1915,1235042.5330426232
1916,1265758.9112895974
1917,1210252.018543273
1918,1245473.1196742707
1919,1224415.2557402474
1920,896341.623257564
1921,1316171.5682286315
1922,1482059.0742195162
1923,1378208.6304740163
1924,1453033.476198321
1925,1172066.1515093546
1926,1366198.0439012256
1927,1415410.2660988227
1928,1492521.851940794
1929,1155602.0808538815
1930,1341980.2015069698
1931,1531920.1796509393
1932,1221842.434168835
1933,1417571.8475842637
1934,1186713.4591821877
1935,1242745.2176084379
1936,1334289.9368356795
1937,1408633.7860851102
1938,1373717.2232057727
1939,1419974.6377662094
1940,1406011.1517086488
1941,1379183.0917290577
1942,1482094.945353431
1943,982761.1152839452
1944,1433103.6193615973
1945,1240366.4781812269
1946,1490338.5121358891
1947,1324600.1717009293
1948,1324472.0604217837
1949,1157756.4611983201
1950,1054135.8483289254
1951,1449062.7880897636
1952,1417156.15340741
1953,1168271.231627939
1954,1466853.3944728884
1955,1550570.4442179794
1956,1152516.2956144537
1957,1496321.490856774
1958,1056250.0020631063
1959,1363601.1831534358
1960,1561278.189529709
1961,1199443.14029724
1962,1499140.826701879
1963,1481839.9738642944
1964,1459276.793616957
1965,1155279.2958888363
1966,1398853.6732363729
1967,1396526.5749916036
1968,920931.7056212899
1969,1400144.5439989422
1970,877223.9198708716
1971,1054196.9900312154
1972,1297481.1780592895
1973,1443181.2785967232
1974,1434073.0994380044
1975,1408983.9623712853
1976,1260386.2300152255
1977,1250057.2562539617
1978,1177586.716851852
1979,1310941.2057693484
1980,1434795.2496161233
1981,1131456.9158378628
1982,1438501.3405770625
1983,1376838.3552055266
1984,1430113.218227343
1985,1449949.9034555308
1986,1078118.402838847
1987,1346698.9598913381
1988,1025910.0072780135
1989,1109889.415189179
1990,1320715.1812929
1991,1359239.4708840405
1992,987235.3820439238
1993,1377743.1013219515
1994,1378055.371542656
1995,1271051.185856817
1996,1394605.8878984428
1997,1286229.4770263718
1998,1384900.0233715079
1999,1376014.0525075877
2000,1253893.0845964982
2001,1406317.3042187856
2002,1328420.7039447087
2003,1199187.8420096969
2004,1566976.2015306575
2005,1474030.939242634
2006,1351282.668041135
2007,1292869.3777679685
2008,1249781.4330263832
2009,1150667.0427360355
2010,1395914.4297706494
2011,1477326.7095777902
2012,1013638.5458050168
2013,1437199.155044963
2014,1524468.1683263658
2015,1408704.8960677134
2016,932154.9836007156
2017,1446845.1635892985
2018,1251517.9607325003
2019,1318384.3673247057
2020,1313915.1621714782
2021,1192193.9876462203
2022,1026377.4037714192
2023,1329564.2214163314
2024,1095692.41094434
2025,1130626.6163651966
2026,1332273.0244300028
2027,1505665.1447588396
2028,1481039.9268835492
2029,1313426.0819000257
2030,1209998.0620762527
2031,1450040.0341900815
2032,1410075.5811091342
2033,1301863.3106420073
2034,1219186.526108333
2035,1100384.7695310202
2036,1405623.9700214316
2037,1280100.8804673555
2038,1343812.778581707
2039,1324419.6866707066
2040,1574403.6914082202
2041,1259529.556830807
2042,1425122.7998497118
2043,1283827.0108322548
2044,1011065.187038772
2045,1331851.7723004322
2046,1248257.3513833843
2047,1499437.3291789852
2048,1058317.7207550183
2049,1307637.8004399284
2050,1410582.0868165279
2051,1537726.7980543124
2052,1446458.283204349
2053,1401812.5602664037
2054,1487888.8967404598
2055,1425790.3103280573
2056,1436891.3350461952
2057,1105077.472824734
2058,1590741.8876468355
2059,1269188.330921087
2060,1564584.9744856234
2061,1571176.8352894667
2062,1273268.3147984243
2063,1373726.2314522362
2064,1118873.4716130702
2065,1526304.1318605128
2066,1397706.0806285997
2067,1387444.836733232
2068,1504637.9659682694
2069,1082235.8400548734
2070,936392.141210421
2071,1172181.4776222338
2072,1197318.9691217875
2073,1101086.418071453
2074,1146308.7279449694
2075,1287993.8669541003
2076,1204985.8282284713
2077,1285455.7347079613
2078,1361384.315453288
2079,1298858.1701981933
2080,1072514.3136057279
2081,1386157.5470976667
2082,1258659.2795418005
2083,1453558.1083356778
2084,1485501.6345255836
2085,1019333.9080840104
2086,1360554.9567150944
2087,1269566.1344338718
2088,1187392.821523675
2089,1290085.580385802
2090,1277598.8051990238
2091,1153857.4279254116
2092,1418288.3073115682
2093,1563475.0503951542
2094,1487974.0581821082
2095,1075680.677989542
2096,1408442.7011305317
2097,1321219.5654434399
2098,991117.6815999077
2099,1171713.5829301456
2100,1219779.36429926
2101,1342556.1563470468
2102,1414904.4448428876
2103,1359882.2265562685
2104,1482567.9520056585
2105,1520932.9906898956
2106,1193331.0055126324
2107,999757.7703447477
2108,1534981.4247054616
2109,1295162.3460802978
2110,1142324.9144221728
2111,1198007.8346778234
2112,1244895.273227668
2113,1539364.030611676
2114,1457432.9938397577
2115,1528213.3591638175
2116,1021289.1494991552
2117,1299013.5430204994
2118,1402422.043904584
2119,1109560.2644677807
2120,1390829.5411788975
2121,1358329.7245527594
2122,1080664.8975230416
2123,1509274.6957218938
2124,1408513.092617423
2125,1254232.3368884563
2126,1035467.6611588831
2127,1238121.8717874095
2128,1215509.4031967542
2129,1164706.896711233
2130,1371740.719200939
2131,1516786.5890161146
2132,1472610.5508735941
2133,1174229.1838261841
2134,1335711.3424863084
2135,1147706.559475972
2136,831229.1437246639
2137,1240651.0930903275
2138,1457468.3676513622
2139,1223454.7108929725
2140,1333867.2681252356
2141,1411903.2846306711
2142,1329219.1875436227
2143,1088034.3967782003
2144,1230759.2992932023
2145,1186067.7305729403
2146,1252329.0530385103
2147,1446282.1501690135
2148,1115033.64905015
2149,1329961.828326012
2150,1507130.6475444625
2151,1286806.2233206662
2152,1393510.890141197
2153,1300315.7543149546
2154,1137955.3783732005
2155,1340295.618086671
2156,1249859.6163621054
2157,983035.7817901776
2158,1269609.6790332373
2159,1206491.9614521135
2160,1156427.6321594284
2161,1297678.716048081
2162,1356474.1862599056
2163,1295131.3230011247
2164,1440132.161774756
2165,1194774.2719189166
2166,1420451.1745723865
2167,1437825.707373464
2168,1513234.799307728
2169,1393772.347810018
2170,1590359.3005813856
2171,1457770.5223805476
2172,1435176.014059895
2173,1630253.4199364777
2174,1287109.482955858
2175,1174248.6527346605
2176,1174625.7410528874
2177,1161510.2668658884
2178,1527516.7576835738
2179,1240974.3157059175
2180,1415279.7613338472
2181,1136167.8150269273
2182,1477536.9133647196
2183,1176515.1819476704
2184,1418957.0071240696
2185,1469105.5251273254
2186,1229548.6421432004
2187,929328.3904181737
2188,1251548.8975693071
2189,1485526.76212025
2190,1114074.5738920192
2191,1510923.6737634742
2192,1131018.716898328
2193,1214544.2537599227
2194,922968.2517613075
2195,1452777.6337067892
2196,1377680.4246980324
2197,1443897.1975506067
2198,1473386.2234741088
2199,1357910.2710260705
2200,1273618.794306151
2201,1065609.676112239
2202,1213674.0419301258
2203,1481370.8608333543
2204,1016129.02138776
2205,1426635.0444855767
2206,1298461.868842767
2207,1406623.3150996657
2208,1345141.1108405553
2209,1069540.4506843416
2210,1140086.7691641967
2211,1471407.2767258477
2212,1100589.0955150884
2213,1252093.7668394684
2214,1270160.30151125
2215,1430009.0306918733
2216,1485660.2341399314
2217,1449791.0195172625
2218,1224834.9168522947
2219,1412202.4652133542
2220,1260389.5797187206
2221,1460559.3060261249
2222,1009383.5804406371
2223,1190842.2593777315
2224,1503663.4612599183
2225,1439291.6303615547
2226,1409750.9556246889
2227,1336334.6066912033
2228,1413088.5005971817
2229,1346564.363247852
2230,1481084.7545419466
2231,1451678.3144272505
2232,1413443.0925621996
2233,1443074.241589145
2234,1462678.4249098653
2235,1339512.516250519
2236,1362683.4400280789
2237,1270694.2750417383
2238,1554590.6129382455
2239,1585497.7586806426
2240,1414608.3125459277
2241,1350872.663825443
2242,1079316.521034698
2243,1344656.0690747935
2244,1157882.2808661726
2245,1255353.975955001
2246,1494117.603602167
2247,1083812.3096269085
2248,1321067.699664425
2249,1459610.976993152
2250,1364555.5739240583
2251,1254889.7590868105
2252,1411750.3914120723
2253,1303817.2486813676
2254,1350595.7895318728
2255,1006346.1975037212
2256,1522890.0855076595
2257,1322026.5182176835
2258,1367333.7884864928
2259,1415549.0647413644
2260,1320537.821986106
2261,1026818.4480934961
2262,1362550.9700787768
2263,1236063.8474425878
2264,1507073.5470941097
2265,1432786.7945524682
2266,1410579.4541536097
2267,1464994.405514492
2268,1465012.831378252
2269,1087188.8802418308
2270,1334155.480574023
2271,1344702.3973262715
2272,1099364.5450208772
2273,1322026.9871214433
2274,1108813.404425685
2275,1099038.0109846839
2276,1176614.4406693142
2277,1030129.6887119057
2278,1293255.502983882
2279,1050439.7468853213
2280,1401048.1372080315
2281,1453391.640742116
2282,1254993.5716836117
2283,1164722.58741696
2284,1541579.4000229796
2285,1396226.2033014155
2286,1138588.1798769638
2287,1511601.8901940226
2288,1178087.22784282
2289,1563993.791223393
2290,1156047.223187771
2291,1389159.1551427047
2292,1562928.29403789
2293,967707.911995167
2294,1478114.762330405
2295,904990.7872205819
2296,1022446.4774356231
2297,1096732.2348178427
2298,1286222.654502624
2299,1202718.7039417583
2300,1596813.23664584
2301,1469980.7370934656
2302,1248068.1720453529
2303,1292193.7904507548
2304,1320536.8100542326
2305,1384135.469970023
2306,1083204.024752496
2307,1128592.5844884424
2308,1405767.5914604317
2309,1493084.0306080768
2310,1311141.480280414
2311,1467855.6979722374
2312,1427741.1664326726
2313,1442748.3054290258
2314,1359738.6059668215
2315,1426688.536491648
2316,1268248.8414702604
2317,1318832.0104669265
2318,1216027.3986554423
2319,1315911.8709614496
2320,1423959.782208306
2321,1473964.3222586382
2322,1407918.92759569
2323,1169954.5006391534
2324,1388892.0237107505
2325,1418282.0260243153
2326,1266668.8227517651
2327,1264755.4067499957
2328,1167425.0225571236
2329,1212653.5231553465
2330,1409963.629696653
2331,1424340.624966088
2332,1195455.909933052
2333,1399741.8550497368
2334,1544272.658309341
2335,1128576.0145774675
2336,1411791.5433350487
2337,1003477.4334537232
2338,1144586.3367142256
2339,1460755.4092045014
2340,1304318.9786946704
2341,801620.0676263687
2342,1311734.6210260552
2343,1345111.0347526656
2344,984068.2449119841
2345,1349276.82283778
2346,1307127.6185041014
2347,1593828.7710714228
2348,954000.2445313368
2349,1231143.5226870407
2350,1464283.5543517289
2351,1230361.7877019064
2352,1040227.811610611
2353,1461545.1254526782
2354,1427124.8641232094
2355,1275616.3365744273
2356,1284096.5466209995
2357,1249256.1585098251
2358,1051358.3809106809
2359,1255441.7999361674
2360,1299075.8479486846
2361,1208657.751903507
2362,1277092.1127641108
2363,1210091.8758068033
2364,1445727.6635422914
2365,1218781.015659104
2366,1196388.818643084
2367,1434625.0393381305
2368,1471750.6193260215
2369,1141356.547197492
2370,1233192.3667059678
2371,1347014.4785318454
2372,1284808.927238749
2373,1293060.730083854
2374,1376290.693535038
2375,1348093.4381477812
2376,1559540.2383496668
2377,1438799.8784750104
2378,1405805.5476710727
2379,1419247.0671037675
2380,1437829.882066445
2381,1509995.538068154
2382,1129520.762801665
2383,1339349.8926045005
2384,1528206.5227013319
2385,1327904.7372086863
2386,1227527.2984149284
2387,1544453.4626912042
2388,1146744.423443106
2389,1274493.911304633
2390,1360542.8903690393
2391,1183444.6768856342
2392,1448330.833594828
2393,1189171.1997849646
2394,1441120.5103291394
2395,1173158.740271702
2396,1133666.6311081066
2397,1532326.3422953817
2398,1196552.3847332916
2399,1207588.8215521404
2400,1502111.8403326075
2401,1505393.2043416898
2402,1266475.9964798174
2403,1050648.3877311326
2404,893329.6683143117
2405,1496911.5496402085
2406,1235290.2220430681
2407,1270629.7589940242
2408,1289446.5811147764
2409,1485337.9867433654
2410,1301537.7911240896
2411,1373548.2797083014
2412,1345304.6407415965
2413,1332452.1785547815
2414,1422392.3970266108
2415,1264298.0805972677
2416,1408973.023371715
2417,1402645.2588361937
2418,1462333.6467637995
2419,1090145.1534294076
2420,1490498.430408444
2421,1230151.7990362411
2422,1372114.6401007744
2423,902173.5996372428
2424,1217045.7581941474
2425,1370960.7292366792
2426,1355792.1397212783
2427,1074244.2775751152
2428,1070848.0766358338
2429,1225754.4980415052
2430,1205863.5265976565
2431,1404552.3541253468
2432,1153833.493711578
2433,1542165.9866515517
2434,1206423.4138367102
2435,1277021.0844436171
2436,1411994.5925748344
2437,1363799.0033436068
2438,1240525.441509321
2439,1440688.4642332185
2440,1233943.0999188633
2441,1124383.0457575948
2442,1493806.2487379743
2443,1281490.4273472317
2444,1230521.3129740204
2445,1295841.7151908514
2446,1451778.1391284969
2447,1350437.3601926544
2448,1455502.4431484286
2449,1393191.8193607253
2450,1264096.647845667
2451,1229926.61681936
2452,1015436.1550002055
2453,1379467.1668551713
2454,1493245.2396336428
2455,1464533.483365652
2456,1128571.8677574107
2457,1470486.3738366019
2458,1498063.485335133
2459,1231804.726072792
2460,1493572.5133826686
2461,1365931.6484626555
2462,1264013.6293955846
2463,1151070.1864786071
2464,1441970.9008678077
2465,1060097.4444344414
2466,1039070.9790305177
2467,1572762.7819034369
2468,1082327.1501131132
2469,1054865.8417101498
2470,932478.9814758258
2471,1254636.8954043037
2472,1483137.8253625764
2473,1475717.4453426115
2474,1541900.4060036507
2475,1051904.9169924785
2476,1404903.0683266672
2477,1235695.009969122
2478,1342258.075422113
2479,1186225.5575173611
2480,1402459.047073943
2481,1410741.4628068625
2482,1207090.0590931077
2483,1445757.956592773
2484,1228544.3635321024
2485,1266118.6733629128
2486,1214266.059150698
2487,1089950.6857667747
2488,1337959.8166644103
2489,1202262.876956896
2490,1433106.5937895447
2491,1159950.9785706468
2492,1368412.285661454
2493,1294600.6390680815
2494,1267105.825124436
2495,1530871.7516528494
2496,1333350.7449575614
2497,1350436.9083904321
2498,1479104.6628783501
2499,1399278.9199632748
2500,1424734.5881384138
2501,1455667.2106827728
2502,1401950.4364479424
2503,1279567.8378023033
2504,1388564.5222574025
2505,1374558.6415970335
2506,1369826.4438313344
2507,1165494.9335751259
2508,1068185.4963080846
2509,1202289.6141916912
2510,1284783.1779663495
2511,1506818.498890414
2512,1306830.6174006353
2513,1383722.521619336
2514,1251166.9722893948
2515,1500281.1636104682
2516,1288927.7016723922
2517,1391747.418318375
2518,1421288.2110361545
2519,1556529.3991130644
2520,1144990.5801234103
2521,1117636.1294928198
2522,1359070.4991327615
2523,1286863.3428336228
2524,1518329.9503301994
2525,1321531.031551268
2526,1388099.153775918
2527,1195198.6324504614
2528,1494273.7044022772
2529,1338964.4498093373
2530,1589898.8882945317
2531,1347448.269375865
2532,1143513.9680351196
2533,1338680.884554412
2534,1393118.6009833743
2535,1273959.262294237
2536,1570996.1602744423
2537,1404700.0869434748
2538,1468628.7557040625
2539,1277668.4051337335
2540,1466540.6915039383
2541,1214886.720293763
2542,1388298.956879173
2543,1261055.5545053785
2544,1517462.1018229173
2545,1324340.1985284747
2546,1388003.1746110716
2547,1239806.2178761004
2548,1114267.6722605121
2549,1436719.3741763998
2550,1177829.872416331
2551,1671946.0904164845
2552,1213884.8541506326
2553,1320681.5942319254
2554,1066128.5606782462
2555,1411400.8115910015
2556,1352493.7119499592
2557,1024053.6081694217
2558,1293719.7837853315
2559,1279961.835120797
2560,1053292.1572348892
2561,1524819.4272669544
2562,1411215.695844945
2563,1251221.7501487143
2564,1494320.042966406
2565,1565368.367251102
2566,1341049.3549965958
2567,1428230.3846542104
2568,1283539.2414558774
2569,1357803.1210221776
2570,1163070.49542912
2571,1411036.0253632872
2572,1527346.2404173291
2573,1474503.4550410877
2574,1010354.1453765614
2575,1320993.8593373555
2576,1327428.2904175452
2577,1053652.969429578
2578,1429100.6491033833
2579,1311019.091740268
2580,1301185.204555783
2581,1451767.2095968511
2582,1120830.681001871
2583,1536379.7263480364
2584,1517832.5725412238
2585,1170831.906781398
2586,1395465.8330571312
2587,1408907.6394019932
2588,1536556.5231145858
2589,1404834.1536200738
2590,1178012.1305172879
2591,1404466.169729512
2592,1410890.4580516263
2593,1427733.7128980733
2594,1039364.3720462029
2595,1291773.1034330477
2596,1468903.4713797756
2597,1422797.9444323168
2598,1263099.7319075929
2599,1370324.1014517986
2600,1218224.9059164496
2601,1294813.737038777
2602,1405064.504789358
2603,1078199.710687328
2604,1372431.0301737594
2605,1450162.6033139862
2606,1275013.3494849156
2607,1624504.6852547796
2608,1249137.5517856898
2609,1271676.0723497681
2610,1383620.5871406647
2611,1488815.3919414096
2612,1646975.2464795765
2613,1197118.1658168437
2614,1497032.7481673288
2615,1385457.7620963135
2616,1339275.7951843569
2617,1525238.464985358
2618,1369610.5690006511
2619,1447025.6156646574
2620,1435615.16334279
2621,1409388.2335322315
2622,1334615.8077248663
2623,1423469.8113024486
2624,1224147.8637247286
2625,1312552.1905717792
2626,1169640.382076885
2627,1505662.465080388
2628,1506356.382346437
2629,1260570.0172485488
2630,1256303.620593628
2631,1522369.2615834007
2632,1460416.0450354733
2633,1181949.8757669297
2634,1501531.8666999994
2635,840807.4116663181
2636,1533410.5876951478
2637,1421985.3318575504
2638,1378071.785980105
2639,1261379.643002693
2640,1344611.5066462962
2641,1541786.536821379
2642,1384002.3379959743
2643,1369867.8335164646
2644,1324848.2624926432
2645,1478010.8716634463
2646,1229832.3256912557
2647,1002926.4074461692
2648,1475809.2513010951
2649,926651.2399022247
2650,1264765.8480313423
2651,1297399.087235575
2652,1271782.5665127994
2653,1470622.596505142
2654,1492346.7992155312
2655,1448902.9616438297
2656,1400600.4923162616
2657,1418479.6987180389
2658,957794.2546200596
2659,1451130.5637353607
2660,1212048.8661143596
2661,1490657.271889434
2662,1159386.838373557
2663,1607456.7374193121
2664,1460477.6344837588
2665,1275705.7165609829
2666,1208661.7548244745
2667,1341464.855809238
2668,1432025.7910675893
2669,1506519.641859714
2670,1397825.8479626325
2671,1343059.948655001
2672,1160452.1286219903
2673,1300944.240119303
2674,1295680.5170690923
2675,1544895.7619543765
2676,1148373.155868534
2677,1286711.0596418798
2678,1429205.5087765777
2679,1190595.1705318817
2680,1507127.157458281
2681,1433457.6055359908
2682,1312975.5397522214
2683,1258387.1469313614
2684,1339742.5948541032
2685,1435226.1533762398
2686,1275027.2857915065
2687,1324496.7597631433
2688,1264404.9280952471
2689,1394501.8005692312
2690,1459585.140151716
2691,1140925.5878584455
2692,1401091.234562009
2693,1137899.0781132353
2694,1476481.2368413676
2695,1439797.7302631787
2696,1260006.8303552903
2697,1385060.607436618
2698,1397992.6670551903
2699,1066586.782465521
2700,1216064.0544219462
2701,1437453.2956729543
2702,1584316.0117231638
2703,1473136.9404608104
2704,1129909.81634995
2705,1387601.2978891064
2706,1417793.5434454388
2707,1129478.4960643707
2708,1281696.9881842174
2709,1328091.2738349913
2710,1231448.0024793318
2711,1041543.2076489339
2712,1045297.8164891107
2713,1062329.4293880598
2714,1168045.2539279184
2715,1315645.8104789075
2716,1327387.0552391873
2717,1136150.833052094
2718,1028437.9058658667
2719,1190010.6048296362
2720,1392364.2246053575
2721,1447339.941902304
2722,1351658.5728618507
2723,1362285.4824796685
2724,1383667.559903637
2725,1460238.6849740497
2726,1457984.8696301952
2727,1278636.197548503
2728,1318934.3446883943
2729,1488303.4647914092
2730,1524080.6958250883
2731,1426139.8343630536
2732,1415288.7134442953
2733,1518874.0057574837
2734,1081847.0092742282
2735,1419752.1850616746
2736,1359184.4033542215
2737,1482324.8494400042
2738,1561064.951771351
2739,1363830.2616268082
2740,1011549.6098116015
2741,1209800.0210731127
2742,1082489.013087228
2743,1403004.247656708
2744,1419271.8351887052
2745,1347025.1921531407
2746,1421045.4037023396
2747,1315193.123639439
2748,1309542.4972561204
2749,1276780.534886003
2750,1552566.1940258557
2751,1201003.5084470862
2752,1346029.9474131942
2753,880866.0479028249
2754,1307980.9981346503
2755,1085053.4341910772
2756,1296035.514050666
2757,1326320.9172525785
2758,722155.14762898
2759,1379645.0055738112
2760,1247682.9488308283
2761,1441493.4389368705
2762,1349292.4249096867
2763,1482698.7145881758
2764,1307707.7322155952
2765,1457154.0857817198
2766,1253009.1509973751
2767,1208437.0374102453
2768,1155611.3103845182
2769,1191965.332582743
2770,1218264.179039327
2771,1129169.9873814462
2772,1406105.961343528
2773,1621964.1779031714
2774,1174273.2786347514
2775,1424851.3574602902
2776,1303982.6882370221
2777,1426197.4378691886
2778,968384.4117357434
2779,898877.3493280988
2780,1417764.4261639598
2781,1392105.2069795763
2782,1478419.9802616925
2783,1454528.9068157042
2784,1422872.2074503137
2785,1337253.0810225366
2786,1274240.5788565974
2787,1096077.982841756
2788,1148558.122215278
2789,1384805.7781794863
2790,1723726.0539176173
2791,1336123.2384424803
2792,1261303.5865841014
2793,1418229.386002586
2794,1533269.3964442061
2795,949496.5832116004
2796,1505282.2158667045
2797,1390765.0011630391
2798,1215811.0156912024
2799,1467057.6417032543
2800,1404080.8924000668
2801,1251343.1168611757
2802,1403411.08201903
2803,1306051.9296710216
2804,1378801.437269473
2805,1173617.035886146
2806,1404573.7382482197
2807,1236732.7966982643
2808,1439563.252917238
2809,1439638.759011655
2810,1186578.1183247836
2811,1053771.8349278017
2812,965586.5889744102
2813,964673.8160649115
2814,838875.7756010696
2815,1399859.2088185893
2816,1236414.2993108926
2817,1364280.1353248495
2818,869531.9148308398
2819,1503862.5577135407
2820,1313309.9811498441
2821,1455246.5376582078
2822,1422422.415898959
2823,1287012.2976198047
2824,1406105.8999140146
2825,968565.1654241524
2826,1525701.1515719888
2827,1298051.6561615109
2828,1078789.7070694051
2829,1507537.5310631583
2830,1168212.7260700748
2831,1480970.7884406275
2832,1351577.1975489554
2833,1560700.8998195012
2834,1311529.9409692255
2835,1440681.4679047212
2836,1257396.275250638
2837,1298415.523435117
2838,995929.9790548196
2839,1513281.92424571
2840,1392542.3077234318
2841,905581.1139788451
2842,1567930.328316466
2843,1574251.6785091914
2844,1445462.6899464717
2845,1301344.6771980776
2846,890593.3227307242
2847,1414164.215355861
2848,1057827.0932277234
2849,1023025.3436524364
2850,1230581.081799044
2851,1437880.591727204
2852,1363010.3145706581
2853,1040270.0469778752
2854,1330630.47164792
2855,1091398.2638514682
2856,1374085.0032241493
2857,1457962.1095415603
2858,1439983.4650136647
2859,1197091.3837888055
2860,1369057.1331657753
2861,1160734.86539318
2862,1561925.560614128
2863,1254744.991269891
2864,1336358.4390777058
2865,1409938.885940672
2866,1493069.1425326758
2867,1446560.7337044613
2868,1430404.483230759
2869,1433822.3257814008
2870,1378921.4859309096
2871,1267226.6843311451
2872,1247249.1609599646
2873,1380188.84286165
2874,1341513.626217788
2875,1481574.403850929
2876,1113735.3457634768
2877,1322968.9718102938
2878,1126611.817557355
2879,1337403.2551275415
2880,1491850.5211285711
2881,1313821.993858544
2882,1247638.2581442543
2883,1118933.1261226244
2884,1108790.897194743
2885,1270806.8523454755
2886,921361.5056349611
2887,1263106.2093439063
2888,1286155.9721536064
2889,1447284.1342662664
2890,1375845.8418626967
2891,1261418.2308212724
2892,1154101.7813458187
2893,1542050.4957054642
2894,1269268.2767815231
2895,1150082.8600423108
2896,1089009.7110588017
2897,1352893.0671288082
2898,1242990.6880587982
2899,1113376.5290645885
2900,1315606.9214356856
2901,1447374.6588545628
2902,968777.7436145708
2903,1089908.6978999774
2904,1256134.3883878072
2905,1447805.9478555245
2906,1451265.2446129725
2907,1471228.9105811592
2908,1293204.5107954384
2909,1268606.7534561185
2910,1113148.8072366803
2911,1414166.529877247
2912,1119735.873577639
2913,1341973.9581618041
2914,1210331.3910580976
2915,1228175.7409666157
2916,1426857.9342457284
2917,1040591.4160376322
2918,1478965.1161169114
2919,1092959.7915828382
2920,1282353.0134197122
2921,1163173.9050552107
2922,1051679.901718822
2923,1403575.5024843267
2924,1320276.391150511
2925,1262907.2116198563
2926,1456379.7353585141
2927,1190939.8124799398
2928,1503523.402733646
2929,1351514.2821060638
2930,1465152.8103007611
2931,1425450.1089024113
2932,1288073.1418995964
2933,1309877.0080330202
2934,1565144.4237910402
2935,1470626.4467472236
2936,1404200.6647243677
2937,1563197.386436629
2938,1325922.9048119648
2939,1334156.512410193
2940,1399939.4337255817
2941,1437921.742799549
2942,1114326.541404628
2943,1464102.1251467557
2944,1088530.673023753
2945,1471209.7876589603
2946,1280778.1333877505
2947,1290393.714888444
2948,1275632.2357168617
2949,1330313.735086846
2950,1164890.2756879057
2951,1342192.7187454398
2952,1149792.650331175
2953,1434940.0620193048
2954,1439317.1619774944
2955,1266526.896063304
2956,1073217.3296281532
2957,1438178.188304164
2958,1402507.0373947192
2959,1285772.3045666614
2960,1380272.0557228436
2961,1169624.6257323998
2962,1382205.2282761843
2963,1420577.7767917896
2964,1452514.7431722798
2965,1351714.191944491
2966,1551805.033144461
2967,1427739.6191987616
2968,1320041.3643797243
2969,1345202.6735897444
2970,1423441.9983839898
2971,1310798.4924183772
2972,1203863.2714614728
2973,1298502.6400681592
2974,1322433.4548213573
2975,906011.7975038553
2976,1425044.8617120758
2977,1458957.3733415995
2978,1352930.8614964874
2979,1148106.4828155164
2980,978239.7931726328
2981,1270091.3592146481
2982,1250586.6058659109
2983,1229876.352397772
2984,1024376.6151253384
2985,1080042.1246550174
2986,1275896.6112546555
2987,1433973.8513846747
2988,1415095.3921169045
2989,1492037.768851415
2990,1436705.1716005076
2991,1337617.279926615
2992,1235775.6135977383
2993,1461112.2033113302
2994,1348132.2860456037
2995,1488372.4054246224
2996,1355109.8079888062
2997,1192609.8626867966
2998,1328629.3815359613
2999,1374418.538451393
3000,1455818.5598677641
3001,1247756.1152145076
3002,1356247.7049729787
3003,1393443.1860102292
3004,1155192.646352308
3005,1216463.9150628708
3006,1449635.2967241574
3007,1335267.6326646893
3008,1449948.1564385463
3009,1065820.8563647687
3010,1237106.3783101616
3011,1305812.7904963861
3012,1584824.9460449375
3013,1023650.899694084
3014,1303436.327837279
3015,1288141.194073161
3016,1381493.0794678067
3017,1339107.610046349
3018,1162640.239902052
3019,1460628.8024507002
3020,1598473.5442505698
3021,1335711.728732245
3022,1432827.8600992833
3023,1033523.7081714199
3024,1294019.8164058542
3025,1268821.7980264227
3026,1408638.143960498
3027,1383874.8532263176
3028,1512322.8747599465
3029,1391756.655313094
3030,1180578.991798417
3031,1381265.1118049426
3032,1423026.3980025838
3033,1287788.795358564
3034,1000579.0843645671
3035,1251650.8947812188
3036,959087.1858584383
3037,1431452.3700855048
3038,1200350.7552224908
3039,1406146.0302195586
3040,1341923.9797242375
3041,1297045.6872831231
3042,1146068.1968132243
3043,1451011.5203885306
3044,1412285.3890370321
3045,1260938.799489528
3046,985874.8049505521
3047,1406019.7535927002
3048,1342536.8312049862
3049,1091398.3478381021
3050,1254912.3869187485
3051,1307130.6910636513
3052,927390.0531900015
3053,1532222.5839487533
3054,1090368.7305540347
3055,1447150.354020577
3056,1533185.8121146439
3057,1393901.3352027573
3058,1448686.0314643206
3059,1433331.1252144708
3060,1478594.3734277245
3061,1479685.88931088
3062,1213333.898339872
3063,1410507.0117082798
3064,1203921.659524448
3065,1435562.0418159629
3066,1452874.1898572983
3067,1474228.9903313273
3068,1465222.1108831656
3069,1361908.1357168301
3070,1121312.4398373833
3071,1293219.2162556103
3072,1089692.5410638314
3073,1359840.9775133661
3074,1372177.8322655275
3075,1242573.7329111986
3076,1255666.3975958799
3077,968518.4477693142
3078,1475540.7329602984
3079,1292331.8433631521
3080,1641749.4798951582
3081,1183570.7481870786
3082,961200.9509715327
3083,1361098.1367208841
3084,1485071.3513309553
3085,1412946.3671883247
3086,1587080.0510822248
3087,891021.7473317754
3088,1185545.9852065528
3089,1369803.042098382
3090,1288114.175482564
3091,1300017.3767269305
3092,1458737.7407884856
3093,1190694.7417549805
3094,1425971.9829122135
3095,1255028.1216534139
3096,1370331.8149753432
3097,1509720.5895767438
3098,1115071.3367199195
3099,1082805.689441077
3100,1169741.1870657702
3101,1354573.517915328
3102,1291399.2727022879
3103,1420394.0321064664
3104,1344512.1432994124
3105,1342697.8726788848
3106,1388223.4279640166
3107,1461279.3923232243
3108,1190508.9654322339
3109,1221820.622732821
3110,1400909.9239515918
3111,1296941.337435418
3112,1554506.9568134497
3113,1216433.5903319395
3114,1081948.5696189129
3115,1283946.7775299435
3116,1361492.8725113508
3117,1200993.4510403157
3118,1323855.3905813107
3119,1347261.2660173045
3120,1436172.4440628223
3121,1234970.0665943802
3122,1445436.266423009
3123,1283544.9854634434
3124,1300778.745053046
3125,1448544.6293014034
3126,1433882.127810096
3127,1384587.0869248586
3128,1314966.7554417779
3129,1482307.0245636944
3130,1131651.3887318033
3131,1215031.511524266
3132,1359722.2205948932
3133,1309952.7718565085
3134,1357577.2615703607
3135,1190180.4477735742
3136,887132.7481310972
3137,1497079.1751754177
3138,931575.4945670798
3139,1360169.554784281
3140,1298974.2517523777
3141,1127063.6405196406
3142,984491.572286964
3143,1356355.1129215718
3144,1376621.6940644449
3145,1334331.6818702128
3146,1285449.9430367195
3147,1420042.7544977332
3148,1405418.9032731266
3149,1230179.8462495569
3150,1209751.8287949092
3151,1348322.7254925047
3152,1492477.4073538373
3153,1274998.015143455
3154,1402653.253737993
3155,1224199.0892814863
3156,1469956.1626538418
3157,1213715.71867082
3158,1403287.9467672878
3159,1274411.7300258847
3160,1075546.5995003546
3161,1425254.5559003467
3162,1297218.221262717
3163,1466946.8375855947
3164,1420766.4358445944
3165,1306488.798380908
3166,1362791.3617859804
3167,1416195.545094026
3168,1159685.9238182714
3169,1292755.5939563282
3170,1441487.808368178
3171,1412355.351365366
3172,1560312.7084922616
3173,1419332.188296869
3174,1290514.2808069643
3175,962333.922301573
3176,1597422.0034533418
3177,1532351.2688432091
3178,1197933.4235128574
3179,983881.6086843539
3180,1416773.4783803094
3181,1263398.484995458
3182,1562435.1747915426
3183,1471289.6365601898
3184,1242619.6837665373
3185,1537947.1088401491
3186,1159369.7372163467
3187,1367192.734639231
3188,1212423.7385104508
3189,1389286.3571074773
3190,1229948.9423379702
3191,1463089.239404112
3192,1063910.6618788852
3193,1318361.6709828733
3194,1243989.3601997974
3195,1360841.431454459
3196,1614060.3371309147
3197,1307436.2251983646
3198,1136536.6057588712
3199,1418239.8463546126
3200,1236527.8153882436
3201,1298870.0015592068
3202,1318903.6158968315
3203,1485085.695173537
3204,1287575.6063329373
3205,1418329.158436673
3206,1331350.5804238927
3207,1424939.7525526192
3208,980319.5513409346
3209,1504718.8894743968
3210,1019968.5456613994
3211,1389384.8702040375
3212,1591342.5843512262
3213,1292133.1878716124
3214,1259307.196119948
3215,1498212.4274301033
3216,1519814.4498373244
3217,922885.8850553094
3218,1420032.0546033105
3219,1402497.4044966428
3220,1315898.2477462906
3221,980240.6747520749
3222,1336884.5000348985
3223,1239551.560068749
3224,1362056.016840399
3225,1468485.4088172042
3226,1380906.4071666426
3227,1449703.1687046762
3228,1467545.805196222
3229,1387450.393971063
3230,1215855.9389716643
3231,1553899.70692359
3232,1290523.166235106
3233,1345879.0488819256
3234,1142480.3417488553
3235,1225159.657046216
3236,1120609.0546189048
3237,1291954.0011392978
3238,1217488.270932824
3239,1359466.7126170408
3240,1405368.3483641353
3241,1442137.394094346
3242,1359745.7332961154
3243,1488756.10555132
3244,1255706.3839870363
3245,1206717.448767905
3246,1377801.9941620326
3247,1307032.2064099335
3248,1011441.3505357993
3249,1224102.1211563698
3250,1377951.577804308
3251,1404007.2520537141
3252,1302880.551851381
3253,1453921.8151855816
3254,1285972.2689382008
3255,1384554.9757666516
3256,1270166.8490941757
3257,1334892.2549599665
3258,1085420.902531682
3259,1348921.9417109978
3260,1133065.5516351725
3261,1437757.111603222
3262,1521624.5446193242
3263,1201468.1947374612
3264,1319049.0381859287
3265,1212448.9160848346
3266,1188142.0264692516
3267,1285705.7595722764
3268,1515032.297472377
3269,1029589.3163938315
3270,1428113.099967729
3271,955933.1969461765
3272,1442460.9689456192
3273,1495692.9861540147
3274,1413800.0300759657
3275,1436167.8178846024
3276,1399076.2426739475
3277,1541386.278821473
3278,1229110.9358614797
3279,1482683.5479532715
3280,1253396.7294666325
3281,1341401.6728385822
3282,1406374.9505822412
3283,1429679.06483737
3284,1243458.2780864807
3285,1460029.6278187593
3286,1562902.4335037943
3287,1265114.84302549
3288,1536951.7733634065
3289,1309775.0479595752
3290,1412874.9117205662
3291,1029951.5530691473
3292,1403327.6492380297
3293,1200381.824547174
3294,1335114.7986979962
3295,1202712.820266844
3296,1307676.8001633086
3297,1056689.5432898249
3298,1342641.6723513561
3299,1506012.3151399551
3300,1593125.9241832832
3301,1345314.1486447637
3302,1375821.8623484494
3303,1552133.696791817
3304,1284671.2329132508
3305,1211163.2401640255
3306,1545522.060817188
3307,1275742.0543347416
3308,1445612.5511492072
3309,1357279.544609573
3310,1057962.2780384335
3311,1308084.1736048786
3312,1316934.9604726261
3313,1019095.4805271858
3314,1404666.227313044
3315,1418802.0463999799
3316,1418894.3067725957
3317,1300968.3574452417
3318,1377427.5219290105
3319,1412254.5290514159
3320,1439821.7337440904
3321,1053480.0058761092
3322,1328970.4442213378
3323,1508332.2869495756
3324,1488280.6372563299
3325,993580.8930771195
3326,1290941.8878267708
3327,1512453.6675829047
3328,1147137.799853453
3329,1454367.054536713
3330,1351944.987842175
3331,1429557.903794996
3332,1418991.6462012036
3333,1158996.841597246
3334,1403595.4122627084
3335,1189114.2745539998
3336,1043288.7805651504
3337,1043217.2314025054
3338,1312301.7703477386
3339,1286626.3170119445
3340,1348930.488101854
3341,1373923.4562855964
3342,1235512.655020767
3343,927519.079307659
3344,1381324.190479179
3345,1454802.9041814406
3346,1414718.6211307908
3347,1244060.9445203212
3348,1381285.367572168
3349,1467834.9759329797
3350,1361754.011753226
3351,976691.121619722
3352,1297343.7735358502
3353,1435120.7081014384
3354,1392899.348985845
3355,1365420.2642065838
3356,1302399.3027487912
3357,1120726.2923838904
3358,1225127.9356508153
3359,1460976.2270141474
3360,1504722.0347016607
3361,1444714.729946165
3362,1398893.047518073
3363,1592273.220343117
3364,1551775.0124419748
3365,1536328.969993603
3366,1486410.6999288541
3367,1090321.6777752475
3368,1417527.5849528846
3369,1475603.9140425164
3370,972222.8803117934
3371,1284334.6480020336
3372,1318738.3177602026
3373,1377928.8133992536
3374,1076953.1089871486
3375,1286386.7778185722
3376,1449864.8907240925
3377,1337978.0343727774
3378,1336143.3624622026
3379,1328605.0421071672
3380,1362943.4120037225
3381,1317286.2981871027
3382,1362124.3233090076
3383,1566376.4491762272
3384,1263700.3939912647
3385,1127498.145570159
3386,1329018.6758180144
3387,1431257.4052585592
3388,1246570.2938405932
3389,1269628.3027915733
3390,1308416.895765026
3391,1313844.9509552591
3392,881605.9748879991
3393,1284042.927556473
3394,1284668.2220032518
3395,1424798.7312522938
3396,1458152.8733274213
3397,1195878.920055669
3398,1235778.6069281795
3399,1361788.856868392
3400,1228592.1024678107
3401,1382921.4737659537
3402,1428996.076310599
3403,1429561.8996967827
3404,1315507.6780471676
3405,1379375.7257668527
3406,1191276.6329510084
3407,1221345.5369216567
3408,1088409.0656782242
3409,1349891.064800857
3410,1391798.4156362482
3411,1183382.5609913892
3412,1306472.0132263266
3413,1250556.6872243015
3414,1346716.8327049068
3415,1282529.5863752884
3416,1339319.158152417
3417,1432891.1135830774
3418,1183256.2175681381
3419,1270523.0326840228
3420,1326835.7580850814
3421,1260912.658760078
3422,1401597.083687147
3423,1616698.155188634
3424,1394934.9234379
3425,1295935.5810692143
3426,1488427.3902992357
3427,1281590.7311589937
3428,1447488.708803501
3429,1251282.117545222
3430,1307684.9934778449
3431,1036795.8868295278
3432,1489652.0380485049
3433,1263403.816901612
3434,1490234.884270087
3435,1243742.1050023013
3436,1275393.0956735858
3437,1469340.387592977
3438,1511323.9299258275
3439,1272856.9070612306
3440,1454726.4147352723
3441,1330186.6638674994
3442,1298012.8817534964
3443,1238206.0041658452
3444,1604701.7562922793
3445,1298568.751515392
3446,1283465.82725856
3447,1230419.2111815822
3448,1279655.2612040131
3449,956492.4281897437
3450,1204411.643544958
3451,1148231.426079762
3452,1186529.7549975817
3453,1314091.294469528
3454,1367399.8997147717
3455,1377116.833202765
3456,1195913.9570588558
3457,1142968.6963443705
3458,1291750.5859559805
3459,1559223.7911524726
3460,1457232.3073460532
3461,1350566.6463923762
3462,1308890.1591954837
3463,1306040.508096809
3464,1358060.4779646816
3465,1390439.174609516
3466,1455291.5108211983
3467,1541479.4770809617
3468,1403558.9499007775
3469,859432.3973951293
3470,1480946.7992128383
3471,1374560.2486997724
3472,1459167.9777816904
3473,1067132.8114562554
3474,835593.6132300886
3475,1326662.3285328266
3476,1437515.9910911357
3477,1256421.9380184857
3478,1414090.0215954494
3479,1347625.7172063186
3480,1331612.6983625665
3481,1380573.2681424243
3482,1511841.0576513205
3483,1433549.6223643736
3484,926626.8718192617
3485,1498330.728620727
3486,1136369.855928859
3487,1098289.552156926
3488,1303319.6107906757
3489,1362608.169703409
3490,1371326.0189668743
3491,1316377.6047036087
3492,1304203.8197963259
3493,1530864.839459934
3494,1351991.3990400909
3495,1526681.0671727615
3496,1169946.810185305
3497,1395127.5009244888
3498,1384907.175778366
3499,1447450.4806436494
